Name,Interests,Mood,tripadvisor,img_url,Link_ggmap,Tọa độ,Vote,Reviews,Price,From,To,Địa Chỉ,,,,,,,
Suối tiên,89,19a,,https://btnmt.1cdn.vn/2023/04/19/101834653_3631441590208578_2508216939965745853_n.jpg,https://maps.app.goo.gl/3H2LRP9bhCHPXbca7,"13.5446865,104.7243038",3.1,109,142000,08:00,17:00,"thủy yên, Phú Lộc, Thừa Thiên Huế, Việt Nam",,,,,,,
Hải Vân Quan,10,19c,,https://static.vinwonders.com/production/hai-van-quan-2.jpg,https://maps.app.goo.gl/1MF98UXb5yjYSd778,"16.1875889,108.1287604",4.5,220,0,all time,all time,"54QJ+2GP, Hoà Hiệp Bắc, Phú Lộc, Thừa Thiên Huế, Vietnam",,,,,,,
Đèo Hải Vân,58,1789a,,https://storage.googleapis.com/hms_prod/hotel-content/img/457786xjr/161574-1.jpg,https://maps.app.goo.gl/VbuqvZKQoSj81xHeA,"16.20004,108.1127333",3.1,1755,0,all time,all time,"Lăng Cô, Phú Lộc, Thua Thien Hue, Vietnam",,,,,,,
Suối Mơ,8,19a,,https://image.vietgoing.com/editor/image_cdu1662743022.jpg,https://maps.app.goo.gl/S1fCdi9iRFfLkNik6,"16.2150829,108.0318925",3.1,380,12000,all time,all time,"TT. Lăng Cô, Phú Lộc, Thừa Thiên Huế",,,,,,,
Đầm Lập an,8,189,https://www.tripadvisor.com.vn/Attraction_Review-g11923533-d17546777-Reviews-Lap_An_Lagoon-Lang_Co_Phu_Loc_District_Thua_Thien_Hue_Province.html,https://dynamic-media-cdn.tripadvisor.com/media/photo-o/27/2a/6e/e5/sunset-on-the-lap-an.jpg,https://maps.app.goo.gl/Wx3uDp41RJ44aeaw7,"16.2202156,108.0602887",3.1,3338,,,,,,,,,,,
"
View Point Lăng Cô",8,389a,,https://admin.vov.gov.vn/UploadFolder/KhoTin/Images/UploadFolder/VOVVN/Images/sites/default/files/styles/large/public/2024-05/p2._lang_co_bay_-_dulichkhamphahue.jpg,https://maps.app.goo.gl/SkTCoMGtwps8E8qH7,"16.2205603,108.0807166",3.1,243,0,all time,all time,"63GV+35G, TT. Lăng Cô, Phú Lộc, Thừa Thiên Huế",,,,,,,
Suối Bạch Mã,89,19a,,https://tourdanangcity.vn/wp-content/uploads/2020/08/bach-ma-village-suoi1.jpg,https://maps.app.goo.gl/HcReQpvq7mwbBCt76,"16.2350625,107.7277419",3.1,351,100000,08:00,21:30,"6VPC+2QQ, Lộc Trì, Phú Lộc, Thừa Thiên Huế 52000",,,,,,,
Suối Thác Nhị Hồ,8,19a,,https://thuathienhue.gov.vn/Portals/0/Medias/Nam2022/T8/NHIHO.jpg,https://maps.app.goo.gl/u7TQtr4poZ6DbP2Q9,"16.2362571,107.8956341",3.1,170,15000,all time,all time,"6VPW+G72 Huyện, Lộc Trì, Phú Lộc, Thừa Thiên Huế",,,,,,,
Suối khe su,8,19a,,https://addflag.com/images/user/2021/9/30/2131b6d3-ce8c-4923-948d-53e2fddb91e2/4423_dl2.jpg,https://maps.app.goo.gl/7mWCvkYxr26xvRhb6,"16.2364529,107.8792026",3.1,98,0,all time,all time,"6VPH+HMP, Lộc Trì, Phú Lộc, Thừa Thiên Huế",,,,,,,
Biển Lăng Cô,8,189,,https://ik.imagekit.io/tvlk/blog/2022/09/kinh-nghiem-du-lich-lang-co-1.jpg,https://maps.app.goo.gl/dteC559NMXtZLeey5,"16.2370459,108.0842146",3.1,15,0,all time,all time,"529 QL1, TT. Lăng Cô, Phú Lộc, Thừa Thiên Huế",,,,,,,
Đầm Lập An,38,9b,,https://static.vinwonders.com/production/dam-lap-an-hue-topbanner.jpg,https://maps.app.goo.gl/EuAeSEsjbesMYXFg8,"16.2375363,108.0348325",3.1,3339,500000,all time,all time,"Vụng An Cư, Phú Lộc, Thừa Thiên Huế",,,,,,,
Suối Voi,89,19a,,https://statics.vinwonders.com/suoi-voi-hue-6_1633667240.jpg,https://maps.app.goo.gl/ykTmeXKsZzvP8ywa9,"16.243817,107.9894471",2.1,1003,15000,all time,all time,"6XVQ+GQG, Lộc Tiến, Phú Lộc, Thừa Thiên Huế",,,,,,,
Thiền viện Trúc Lâm Bạch Mã,12389,49a,,https://static.vinwonders.com/production/thien-vien-truc-lam-bach-ma-hue-1.jpg,https://maps.app.goo.gl/ZQQcZMKqLfGwczfi9,"16.2462431,107.7927272",4.6,456,60.000,6.00 Am,5.00 PM,"Lộc Điền, Phú Lộc, Thừa Thiên Huế",,,,,,,
Đèo Phú Gia,85,189a,,https://file.baothuathienhue.vn/data2/image/fckeditor/upload/2019/20191229/images/bat-ngo.jpg,https://maps.app.goo.gl/Rg6e2DZDK34C9wF8A,"16.2647916,108.0223498",3.1,45,0,all time,all time,"727J+WC9, Phú Gia, Phú Lộc, Thừa Thiên Huế",,,,,,,
Chùa Cảnh Phước,13,4,,https://thuathienhue.gov.vn/Portals/0/Medias/Nam2022/T7/M_20220704_CHUA1.jpg,https://maps.app.goo.gl/FQS9HKD9v5q18dMe7,"16.2683008,107.8821997",5.0,1,0,all time,all time,"7V9J+8VG, tt. Phú Lộc, Phú Lộc, Thừa Thiên Huế",,,,,,,
Biển Cảnh Dương,8,189,,https://cdn.vntrip.vn/cam-nang/wp-content/uploads/2018/06/khu-vui-choi-o-bien-canh-duong-vntrip-e1528881047816.jpg,https://maps.app.goo.gl/cKHbxRLga47cCMAf9,"16.3290454,107.9543055",3.1,155,0,all time,all time,"Lộc Vĩnh, Thừa Thiên Huế",,,,,,,
Laguna Golf Lăng Cô,89,9a,,https://www.lagunalangco.com/wp-content/uploads/2023/10/Golf-slider-4.jpg,https://maps.app.goo.gl/HoLyDZMvwEoTj8WJ9,"16.3312356,107.9531663",3.1,450,1900000,06:00,18:30,"Lộc Vĩnh, Phú Lộc, Thừa Thiên Huế 530000",,,,,,,
Chùa Thánh Duyên,13,4,,https://upload.wikimedia.org/wikipedia/commons/a/ae/Chua_thanh_duyen.jpg,https://maps.app.goo.gl/12z5HPZxwGnpi5EKA,"16.3430157,107.8898463",5.0,1,0,all time,all day ,"Thôn Một, Phú Lộc, Thừa Thiên Huế",,heritage,4,,spiritual,4,
Biển Lộc Bình,8,189,,https://mia.vn/media/uploads/blog-du-lich/bien-loc-binh-dam-say-truoc-ve-dep-hoang-so-cua-nang-tien-bien-xu-hue-1637830091.jpg,https://maps.app.goo.gl/U5M9ZD3WnqB9hHYLA,"16.3440884,107.9449362",3.1,371,0,all time,all time,"8WVV+JXM, Lộc Bình, Phú Lộc, Thừa Thiên Huế",,,,,,,
Lăng vua Gia Long – Thiên Thọ Lăng,123458,179,https://www.tripadvisor.com.vn/Attraction_Review-g293926-d10795126-Reviews-Gia_Long_Tomb-Hue_Thua_Thien_Hue_Province.html,https://bizweb.dktcdn.net/100/006/093/files/lang-gia-long.jpg,https://maps.app.goo.gl/Bvj2wdCUMYi9wpVs6,"16.3617847,107.5968282",4.7,744,150000,7.00 AM,5.30 PM,"9H6W+PP8, Hương Thọ, Hương Trà, Thừa Thiên Huế",,,,,,,
Biển Hàm Rồng,8,189,,https://mia.vn/media/uploads/blog-du-lich/check-in-bai-bien-ham-rong-bai-bien-quyen-ru-nhat-tai-xu-hue-mong-mo-2-1638889145.jpg,https://maps.app.goo.gl/Liw6mbqXbddMu81z9,"16.3676532,107.9050789",3.1,56,0,all time,all time,"9W94+328, Unnamed Road, Phú Lộc, Thừa Thiên Huế",,,,,,,
Chùa Hà Trung,13,4,,https://thuathienhue.gov.vn/Portals/0/Medias/Nam2022/T8/M_20220804_chuahatrung1.jpg,https://maps.app.goo.gl/wz1qaJqi5zFgVptf7,"16.3722195,107.8129335",4.0,1,0,all time,all time,"9RC7+V5, Vinh Hà, Phú Vang, Thừa Thiên Huế",,,,,,,
Lăng vua Minh Mạng – Hiếu Lăng,123458,179,https://www.tripadvisor.com.vn/Attraction_Review-g293926-d451127-Reviews-Mausoleum_of_Emperor_Minh_Mang-Hue_Thua_Thien_Hue_Province.html,https://cdn.vntrip.vn/cam-nang/wp-content/uploads/2017/08/lang-minh-mang-e1503901472804.jpg,https://maps.app.goo.gl/AdxN6g2W58rZSBWX7,"16.3876431,107.5690752",4.5,4449,150000,7.30 AM,5.00 PM,"Hương Thọ, Hương Trà, Thừa Thiên Huế",,,,,,,
Chùa Phật Đứng Huế,123,4,,https://www.geoholidayclub.org/wp-content/uploads/2018/05/tuongphat680x0-1497950244.jpg,https://maps.app.goo.gl/rWAwag24KoMBXVLY8,"16.392005,107.5842296",4.7,609,0,all time,all time,"Thủy Bằng, Hương Thủy, Thừa Thiên Huế",,market,6,,shopping,6,
Lăng vua Khải Định – Ứng Lăng,123458,179,,https://thuathienhue.gov.vn/Portals/0/MINH2022/MINH%20THANG%205/M_20220805_KHAIDINH.jpg,https://maps.app.goo.gl/jcrpHiEZvC7fRefh9,"16.3990173,107.5903623",4.4,12624,150000,7.00 Am,5.30 PM,"xã Thủy Bằng, huyện Hương Thuỷ Huế Thua Thien-Hue Province, 530000",,,,,,,
Không gian lưu niệm Lê Bá Đảng,27,7,,https://lebadangmemoryspace.com/wp-content/uploads/2019/06/62143005_2555508221140159_6218733970226413568_o.jpg,https://maps.app.goo.gl/kXYLS9fcTRjYxewu7,"16.4042598,107.5110287",4.5,245,120000,8.00 AM/ 2.00PM,12.00 PM/ 6.00 PM,"Thôn Kim Sơn, Thừa Thiên Huế",,,,,,,
Đồi Ngọc Linh,8,197,,https://mia.vn/media/uploads/blog-du-lich/day-som-check-in-doi-ngoc-linh-co-lau-mong-mo-tai-hue-ne-ban-oi-2-1637753382.jpeg,https://maps.app.goo.gl/hjCWRedfYLL2wfNM6,"16.4055923,107.5878788",3.1,63,,,,,,,,,,,
"
Không Gian Trải Nghiệm Quan Xưởng",23a,67a,,https://cungdinhnguyen.com/wp-content/uploads/2023/06/Quan-xuong-Thuy-Bang-1024x578.jpg,https://maps.app.goo.gl/HUiXRsxC68ib3eYeA,"16.4068341,107.5818666",4.1,8,0,08:00,22:00,"CH4Q+VQR, Khải Định, Thôn Kim Sơn, Huyện Hương Thủy, Thừa Thiên Huế 530000",,,,,,,
Đồi Thiên An,8,179,,https://thuathienhue.gov.vn/Portals/0/Medias/Nam2022/T8/THIENAN.jpg,https://maps.app.goo.gl/f7iLDfPwwemeEJP4A,"16.4114969,107.5822987",3.1,195,0,all time,all time,"Thủy Bằng, Tx. Hương Thủy, Thừa Thiên Huế",,,,,,,
Lăng Hiệp Hòa,123458,179,,https://static.vinwonders.com/production/lang-vua-hiep-hoa-so-2.jpg,https://maps.app.goo.gl/8qTUfZLLowhUWfkR7,"16.4168233,107.6054352",4.9,15,0,7.00 AM,11.30 PM,"CJ84+P5F, An Tây, Thành phố Huế, Thừa Thiên Huế",,,,,,,
Đền Huyền Trân Công Chúa,138,149,,https://mia.vn/media/uploads/blog-du-lich/le-hoi-den-huyen-tran-cong-chua-le-hoi-tuong-nho-cac-bac-tien-nhan-tai-thua-thien-hue-1638093587.jpg,https://maps.app.goo.gl/EFeD8KX7K7ozBKbs8,"16.4177941,107.6084502",4.4,360,30000,7.00 AM,5.00 PM,"151 Thiên Thai, An Tây, Thành phố Huế, Thừa Thiên Huế",,,,,,,
Lăng vua Thiệu Trị – Xương Lăng,123458,179,https://www.tripadvisor.com.vn/Attraction_Review-g293926-d14770585-Reviews-Tomb_of_Thieu_Tri-Hue_Thua_Thien_Hue_Province.html,https://tourdanangcity.vn/wp-content/uploads/2023/03/lang-tam-hue3.jpg.jpg,https://maps.app.goo.gl/tbRpsQfLiQfNpRam9,"16.4178679,107.572561",4.3,398,50000,7.00 AM,5.00 PM,"CH9F+42V, Thủy Bằng, Hương Thủy, Thừa Thiên Huế",,,,,,,
Điện Hòn Chén,1348,149,,https://mia.vn/media/uploads/blog-du-lich/tham-quan-dien-hon-chen-xu-hue-bieu-tuong-tam-linh-van-hoa-xu-hue-3-1637728062.jpeg,https://maps.app.goo.gl/A36PCAzBw78s7JsB7,"16.4219292,107.5629688",4.3,195,50000,all time,all time,"Làng Hải Cát, Hương Trà, Thừa Thiên Huế",,,,,,,
Chùa Trúc Lâm,13,4,,https://bvhttdl.mediacdn.vn/291773308735864832/2022/8/9/chua-phat-tich-truc-lam-ban-gioc-dat-phat-o-mien-bien-gioi-cao-bang-1-1660016750986343081140-1660038406623-16600384069372014855399.jpg,https://maps.app.goo.gl/wvZWwcLMRAfnWpWC6,"16.4266856,107.5838954",4.4,61,0,all time,all time,"CHGM+MHC, Võ Văn Kiệt, Thủy Xuân, Thành phố Huế, Thừa Thiên Huế",,,,,,,
The Hill (Bunker),8,1379a,,https://www.shutterstock.com/image-photo/bunker-on-hill-hue-danang-260nw-716485231.jpg,https://maps.app.goo.gl/AGtPAg9prqNeMB3Y7,"16.4270349,107.565915",3.1,149,0,all time,all time,"83 Huyền Trân Công Chúa, Thủy Biều, Thành phố Huế, Thừa Thiên Huế",,,,,,,
Đồi Vọng Cảnh,8,179,,https://thuathienhue.gov.vn/Portals/0/Medias/Nam2022/T8/vongcanh.jpg,https://maps.app.goo.gl/75FKmEVJpHFnmS3Z6,"16.4272545,107.5652241",3.1,1684,0,all time,all time,"102 Huyền Trân Công Chúa, Thủy Biều, Thành phố Huế, Thừa Thiên Huế",,,,,,,
Lăng Thánh Cung - Tư Minh Lăng,123458,179,,https://khamphahue.com.vn/Portals/0/Medias/Nam2022/T10/Khamphahue_TuThongLang_DuongThiThuc_Van-Van.jpg,https://maps.app.goo.gl/xwdscqVULFWDdcWu9,"16.4274871,107.5692585",4.7,32,0,all time,all time,"CHG9+XPR, Thủy Xuân, Thành phố Huế, Thừa Thiên Huế",,,,,,,
Lăng vua Đồng Khánh – Tư Lăng,123458,179,https://www.tripadvisor.com.vn/Attraction_Review-g293926-d8546743-Reviews-Imperial_Tomb_of_Dong_Khanh-Hue_Thua_Thien_Hue_Province.html,https://khamphahue.com.vn/Portals/0/Medias/Nam2022/T10/Khamphahue_DienNgungHy_LangVuaDongKhanh.jpg,https://maps.app.goo.gl/re9btN8yya9SDBp9A,"16.4299317,107.5699976",4.4,243,100000,7.00 AM,,"CHH9+XXH, Đoàn Nhữ Hải, Thủy Xuân, Thành phố Huế, Thừa Thiên Huế",,,,,,,
Lăng Từ Cung,123458,179,,https://www.vietnam-evisa.com/wp-content/uploads/2018/05/image3-11.png,https://maps.app.goo.gl/EPVapJGJADNuQyMS8,"16.4299578,107.57162",4.0,1,,,,"Đoàn Nhữ Hải, Thủy Xuân, Thành phố Huế, Thừa Thiên Huế",,,,,,,
Khu rừng thông thuộc Làng du lịch sinh thái Về Nguồn,89,a9,,https://static.vinwonders.com/production/khu-du-lich-ve-nguon-hue.jpg,https://maps.app.goo.gl/juThJgUdb6dK5DSg7,"16.4314958,107.5330765",2.1,6,,,,,,,,,,,
Chùa Tây Thiên,13,4,,https://ik.imagekit.io/tvlk/blog/2023/06/chua-tay-thien-7-1024x576.jpg,https://maps.app.goo.gl/FrUcaCPQ4iffAHcf7,"16.4325054,107.5840017",,,,,,"49, Thủy Xuân, Thành phố Huế, Thừa Thiên Huế",,,,,,,
Lăng vua Tự Đức – Khiêm Lăng,123458,179,https://www.tripadvisor.com.vn/Attraction_Review-g293926-d451128-Reviews-Tomb_of_Tu_Duc-Hue_Thua_Thien_Hue_Province.html,https://cdn.vntrip.vn/cam-nang/wp-content/uploads/2017/08/lang-minh-mang-e1503901472804.jpg,https://maps.app.goo.gl/FDnaYms6L1JwnMMW6,"16.4330054,107.5664315",4.5,7193,150000,7.00 AM,5.30 PM,"Cầu Đông Ba, thôn Thượng, Thành phố Huế, Thừa Thiên Huế 530000",,,,,,,
Làng hương,23,67,,https://static.vinwonders.com/production/lang-huong-thuy-xuan-1.jpg,https://maps.app.goo.gl/tdogExW7WCGpbDCK7,"16.4334326,107.5626565",4.4,504,0,all time,all time,"84 Huyền Trân Công Chúa, Thủy Xuân, Thành phố Huế, Thừa Thiên Huế",,,,,,,
"Narasa Hills - Edu farm, Coffee, BBQ, Camp",8,a3,,https://cdn-c23vxnm2pnze.vultrcdn.com/wordpress-media/wp-content/uploads/bA1rP6aE-309601288_164457826243211_5415467162921478059_n.jpg,https://maps.app.goo.gl/EhWBwfp5iueUE4pp8,"16.433586,107.5804572",3.1,126,,,,,,,,,,,
Lăng Kiến Phúc - Bồi Lăng,123458,179,,https://vietnamevasion.com/wp-content/uploads/2021/11/7.jpg,https://maps.app.goo.gl/9BLu5mpP7saHxexK9,"16.4342245,107.5666589",4.0,9,0,7.30 AM,5.30 PM,"CHM8+MMM, Thủy Xuân, Thành phố Huế, Thừa Thiên Huế",,,,,,,
Đàn Nam Giao,34,4,,https://ik.imagekit.io/tvlk/blog/2023/11/dan-nam-giao-cover.jpg,https://maps.app.goo.gl/Ah79onenKVnaLNJB9,"16.436234,107.58097",3.1,49,,,,,,,,,,,
Chùa Thiền Lâm - Theravada,1358,49,,https://mia.vn/media/uploads/blog-du-lich/lac-vao-chua-thien-lam-xu-chua-vang-giua-long-co-do-hue-14-1637765563.jpg,https://maps.app.goo.gl/7tG553draGuhs7KSA,"16.4383783,107.5758212",3.1,57,0,05:30,19:00,"CHQG+74H, Thủy Xuân, Thành phố Huế, Thừa Thiên Huế",,,,,,,
Chùa Diệu Viên,13,4,,https://cdn.media.dulich24.com.vn/diemden/chua-dieu-vien-5430/chua-dieu-vien.jpg,https://maps.app.goo.gl/uT1UbrGq4sNbCgvBA,"16.4386221,107.611085",4.6,35,0,all time,all time,"4/126 D. Nguyễn Hữu Cảnh, Thủy Dương, Hương Thủy, Thừa Thiên Huế, Việt Nam",,,,,,,
Chùa Từ Hiếu,13,4,,https://upload.wikimedia.org/wikipedia/commons/thumb/0/03/Tu_Hieu_Pagoda.jpg/640px-Tu_Hieu_Pagoda.jpg,https://maps.app.goo.gl/8VR2SG5SpEvEJmMDA,"16.4388776,107.572025",4.8,1326,0,all time,all time,"Duong Xuan Thuong III village, Thủy Xuân, Thành phố Huế, Thừa Thiên Huế",,architecture,1,,roadtrip,1,high
Hồ khe ngang,8,1a9,,https://static.vinwonders.com/production/ho-khe-ngang-0.jpg,https://maps.app.goo.gl/489N78tG6ogZ8rYo7,"16.4389243,107.4901837",3.1,40,,,,,,,,,,,
Chùa Từ Lâm,13,4,,https://image.giacngo.vn/w770/Uploaded/2024/estnselxslt/2021_04_26/10-1983.jpg,https://maps.app.goo.gl/maei7JPYfdveUBdJA,"16.4396302,107.5791786",4.6,45,0,all time,all time,"Phường, 27 Trần Thái Tông, Thủy Xuân, Thành phố Huế, Thừa Thiên Huế",,,,,,,
Chùa Viên Thông,13,4,,https://vuonhoaphatgiao.com/uploads/noidung/images/tu_vien/vien-thong.jpg,https://maps.app.goo.gl/G8Nn7YfXunmszNG19,"16.4400948,107.5931372",4.5,17,0,all time,all time,"CHRV+27J, An Tây, Thành phố Huế, Thừa Thiên Huế",,,,,,,
Liti Farm,8,1ba,,https://thanhphohue.net/wp-content/uploads/2024/03/Liti_farm_cafe_03.jpg,https://maps.app.goo.gl/4wwdeWv9SX1RmZyv6,"16.4402186,107.5492646",3.1,23,,,,,,,,,,,
Núi Ngự Bình,8,1379,,https://ik.imagekit.io/tvlk/blog/2023/05/nui-ngu-binh-9-1024x682.jpg,https://maps.app.goo.gl/cs8qAXBRLnYuLxTRA,"16.4419969,107.5925875",3.1,62,0,all time,all time,"An Cựu, Tp. Huế, Thừa Thiên Huế, Việt Nam",,,,,,,
Tượng đài Quang Trung,1358,9c,,https://reviewhue.vn/wp-content/uploads/2024/07/image-tuong-dai-vua-quang-trung-dau-an-mot-trieu-dai-tai-hue-165668241549329.jpg,https://maps.app.goo.gl/jwPUXLQYehHo1LgS7,"16.4420705,107.5914356",3.1,63,0,all time,all time,"143 Đặng Huy Trứ, An Tây, Thành phố Huế, Thừa Thiên Huế",,,,,,,
Chùa Quốc Ân,13,4,,https://thuathienhue.gov.vn/Portals/0/Medias/Nam2022/T8/M_20220804_QUOCAN1.jpg,https://maps.app.goo.gl/P1HCzgPKSsyVxPVy5,"16.4428993,107.5876173",4.4,61,0,all time,all time,"43 Đặng Huy Trứ, Thành phố Huế, Trường An, Thành phố Huế, Thừa Thiên Huế",,,,,,,
"Bảo tàng đồ sứ ký
 kiểu thời Nguyễn",2357,2,,https://thuathienhue.gov.vn/Portals/0/Medias/Nam2022/T5/ki%20kieu%20thoi%20Nguyen.jpg,https://maps.app.goo.gl/p1D5YPAEDVy1Kj2N9,"16.4445592,107.5095605",4.6,16,0,all time,all time,"114 Mai Thúc Loan, Phú Hậu, Thành phố Huế, Thừa Thiên Huế",,,,,,,
Chùa Tường Vân,13,4,,https://thuathienhue.gov.vn/Portals/0/Nam2020/anhchuatuongvan1.2022..jpg,https://maps.app.goo.gl/476rNx1Pd7Eddakw5,"16.4461048,107.577473",4.7,70,0,all time,all time,"CHWG+CXX, Trần Thái Tông, Thủy Xuân, Thành phố Huế, Thừa Thiên Huế",,,,,memorial,c,
NGUYỆT BIỀU GARDEN RIVERSIDE,89,a9,https://www.tripadvisor.com.vn/Hotel_Review-g293926-d27746884-Reviews-Moon_Garden_Riverside-Hue_Thua_Thien_Hue_Province.html,https://dynamic-media-cdn.tripadvisor.com/media/partner/bookingcom/photo-o/2c/8f/53/cf/caption.jpg,https://maps.app.goo.gl/Z4rQfVY8zmQJC6Po6,"16.4476692,107.5317389",4.1,4,,,,,,,,,,,
Điện Voi Ré,1340,1,,https://upload.wikimedia.org/wikipedia/commons/thumb/1/1d/Voi_r%C3%A9_1.jpg/1200px-Voi_r%C3%A9_1.jpg,https://maps.app.goo.gl/dK5yvosSgembzLsE8,"16.4482493,107.552822",4.2,66,0,all time,all time,"Ngõ 26 Kiệt, 373 Bùi Thị Xuân, Thủy Biều, Thành phố Huế, Thừa Thiên Huế",,,,,,,
Lăng vua Dục Đức – An Lăng,123458,179,,https://static.vinwonders.com/production/lang-duc-duc-banner.jpg,https://maps.app.goo.gl/3dYFQrPx4hMkLLgo8,"16.4511961,107.5929415",4.2,65,0,7.30 AM,5.30 PM,"FH2V+F5G, Phường Phước Vĩnh, Thành Phố Huế, Tỉnh Thừa Thiên Huế, An Cựu, Thành phố Huế, Thừa Thiên Huế",,,,,,,
Huyền Không Sơn Thượng,12389,49a,,https://imgcdn.tapchicongthuong.vn/tcct-media/23/8/13/lac-buoc-giua-chon-bong-lai-tien-canh-huyen-khong-son-thuong_64d87348dcd34.jpg,https://maps.app.goo.gl/mUpQsgaPDwpX8Tym8,"16.4512429,107.4941086",4.7,182,0,all time,all time," Chầm, Hương Hồ, Hương Trà, Thừa Thiên Huế",,,,,,,
Nhà lưu niệm Cụ Phan Bội Châu,57,c,,https://thuathienhue.gov.vn/Portals/0/Medias/Nam2022/T7/M_20220711_phanboichau1.jpg,https://maps.app.goo.gl/6ft7jJcXNp5ZSo7KA,"16.4513539,107.5825659",3.1,5,,,,,,,,,,,
Chùa Từ Đàm Huế,13,4,,https://thuathienhue.gov.vn/Portals/0/Medias/Nam2022/T8/M_20220803_tudam1.jpg,https://maps.app.goo.gl/cT4vWKRsQKRXhviT8,"16.4517449,107.5815502",4.6,761,0,06.00 am,9.00 pm,"1 Sư Liễu Quán, Trường An, Thành phố Huế, Thừa Thiên Huế",,,,,,,
Chèo Sup,8a,9a,https://www.tripadvisor.com.vn/Attraction_Review-g293926-d27535871-Reviews-Cho_Thue_Sup_Hu_Hue_Smile_Sup-Hue_Thua_Thien_Hue_Province.html,https://dynamic-media-cdn.tripadvisor.com/media/photo-o/2b/d0/33/13/let-s-get-tanned-with.jpg,https://maps.app.goo.gl/47j7uKiwxqs9PtGt7,"16.4522464,107.5483756",4.1,8,,,,,,,,,,,
Hòn Vượn,8,179,,https://photo-cms-vovworld.zadn.vn/w730/uploaded/vovworld/jcqpivou/2022_03_03/1_yzof.jpg,https://maps.app.goo.gl/Rk2hqF8yimMxRhzc7,"16.4524951,107.4782563",3.1,78,,,,,,,,,,,
Chùa Huyền Không,1358,49a,,https://luhanhvietnam.com.vn/du-lich/vnt_upload/news/09_2020/cong-vao-chua-mang-dam-kien-truc-nhat.jpg,https://maps.app.goo.gl/Ufpv15mWtPrFLMUA7,"16.45267,107.5238774",3.1,538,0,all time,all time,"Hương Hồ, Hương Trà, Thừa Thiên Huế 52000",,,,,,,
Văn Thánh Huế,13,4,,https://statics.vinpearl.com/van-thanh-hue-3_1633252271.jpg,https://maps.app.goo.gl/a3YZtuSoTFM6dnyA6,"16.4526782,107.5364019",4.3,359,0,all time,all time,"FG3Q+3H9, Đường Văn Thánh, Hương Hồ, Hương Trà, Thừa Thiên Huế, Vietnam",,,,,,,
Lan viên cổ tích - Bảo tàng Gốm cổ Sông Hương,2357,2,,https://lanhue.com/wp-content/uploads/2022/06/03.jpg,https://maps.app.goo.gl/CPyd3NGQdVXYohRX7,"16.4526799,107.4765554",4.8,45,120000,8.00 AM,5.00 PM,"120 Nguyễn Phúc Nguyên, Hương Long, Thành phố Huế, Thừa Thiên Huế 530000",,,,,,,
Chùa Thiên Mụ,124589,349,,https://ik.imagekit.io/tvlk/blog/2023/06/chua-thien-mu-1.jpg,https://maps.app.goo.gl/cbAAKwHnasvbCoXZ7,"16.4531082,107.5449069",4.5,14323,0,8.00 am,6.00 pm,"Hương Hòa, Thành phố Huế, Thừa Thiên Huế ",,,,,,,
Chùa Thiên Minh,13,4,,https://static.vinwonders.com/production/chua-thien-minh-1.jpeg,https://maps.app.goo.gl/nng8k1jXbGZwsgwMA,"16.4532094,107.5812423",4.5,41,0,,,"91 Điện Biên Phủ, Trường An, Thành phố Huế, Thừa Thiên Huế",,,,,,,
Bảo tàng Mỹ thuật Cecile Le Pham,27,7,,https://thuathienhue.gov.vn/Portals/0/Medias/Nam2022/T7/bao%20tang%20cecile.jpg,https://maps.app.goo.gl/YFnTUpH5f3Cj2XpS7,"16.4534072,107.5722737",5.0,2,0,8.00 AM/ 2.00PM,12.00 PM/ 6.00 PM,"53 Hàm Nghi, Phước Vĩnh, Thành phố Huế, Thừa Thiên Huế",,,,,,,
Chùa Báo Quốc,13,4,https://www.tripadvisor.com.vn/Attraction_Review-g293926-d13836708-Reviews-Bao_Quoc_Temple-Hue_Thua_Thien_Hue_Province.html,https://statics.vinpearl.com/chua-bao-quoc-2_1633439462.jpg,https://maps.app.goo.gl/gn32TWJE6U1jXVZh8,"16.4540694,107.5796183",4.4,191,0,all time,all time,"17 Bảo Quốc, Phường Đúc, Thành phố Huế, Thừa Thiên Huế",,,,,,,
Chợ Bến Ngự,6,60,,https://thuathienhue.gov.vn/Portals/0/Medias/Nam2022/T7/chobenngu_12_7_2022_15_25_05_100_CH.jpg,https://maps.app.goo.gl/F7uLK7Z42NSBECeT7,"16.4541678,107.5834937",2.1,847,,,,,,,,,,,
Nghệ thuật Trúc chỉ,27,27,,https://thuathienhue.gov.vn/Portals/0/nam%202019/Hieu2019/trucchi2.jpg,https://maps.app.goo.gl/DXSRAAiPWjb2V2yi9,"16.4551459,107.550617",3.1,71,,07:30,17:00,"52 Nguyễn Phúc Nguyên, P, Thành phố Huế, Thừa Thiên Huế 532682",,,,,,,
Nhà vườn An Hiên,1a,9a,https://www.tripadvisor.com.vn/Attraction_Review-g293926-d14074103-Reviews-An_Hien_Garden_House-Hue_Thua_Thien_Hue_Province.html,https://dynamic-media-cdn.tripadvisor.com/media/photo-o/23/5f/3f/10/an-hien-garden-house.jpg,https://maps.app.goo.gl/T3C9xUD55ttxBuZk9,"16.4553122,107.5537736",3.1,800,,,,,,,,,,,
Gác Trịnh,a,3a,,https://mia.vn/media/uploads/blog-du-lich/gac-trinh-khong-gian-hoai-niem-giua-long-xu-hue-1-1668533880.jpg,https://maps.app.goo.gl/7eBMpXxaEnDUGjn7A,"16.4558853,107.5823408",3.1,220,,all time,all time,"Số nhà 19 phòng 203 (Tầng 2, Nguyễn Trường Tộ, Vĩnh Ninh, Thành phố Huế, Thừa Thiên Huế 70010",,,,,,,
Bảo tàng lịch sử Việt nam,57,c,,https://thuathienhue.gov.vn/Portals/0/2022-HUY/05-06/20220526BTLS.jpg,https://maps.app.goo.gl/iDjogFmDGP31GFNWA,"16.455985,107.4948368",4.9,16,30000,all time,all time,"268 Điện Biên Phủ, Trường An, Thành phố Huế, Thừa Thiên Huế",,,,,,,
Khu Di Tích Lịch Sử Chín Hầm,57,1c,,https://upload.wikimedia.org/wikipedia/commons/0/0e/Khu_l%C6%B0u_ni%E1%BB%87m_t%E1%BB%99i_%C3%A1c_khu_v%E1%BB%B1c_Ch%C3%ADn_H%E1%BA%A7m_.jpg,https://maps.app.goo.gl/mRsA6pHBpjwhxDd18,"16.455985,107.4948368",4.1,77,0,all time,all time,"Thiên Thai, An Tây, Thành phố Huế, Thừa Thiên Huế",,,,,,,
Đình làng Kim Long,1350,2,,https://khamphahue.com.vn/Portals/0/Media/T7/upload/VHDL/VanHoa/LeHoi/LeHoiDanGian/2015/Le-Thu-Te-Dinh-Kim-Long/KPH_Le-thu-te-dinh-lang-Kim-Long_Hue8.jpg,https://maps.app.goo.gl/xECy1nemeyxvETeR7,"16.4565596,107.558991",3.1,90,,all time,all time,"FH56+77C, Kim Long, Thành phố Huế, Thừa Thiên Huế",,,,,,,
CLB Súng Sơn Huế,35,ac,,https://alomedia.vn/wp-content/uploads/2020/02/alomedia-ban-sung-son-1.jpg,https://maps.app.goo.gl/6H12EYB3bjPJkX1r7,"16.4571411,107.557886",30.12,0,,,,"FH45+R62, Kim Long, Thành phố Huế, Thừa Thiên Huế",,,,,,,
Công viên Bùi Thị Xuân,8p,5a,,https://tuongtac.thuathienhue.gov.vn/UploadFiles/PhanAnh/2019/05/567.jpg,https://maps.app.goo.gl/vpku1zva2A4TqhZi9,"16.4580037,107.5728245",3.1,118,,,,,,,,,,,
Cồn Dã Viên,p,57,,https://image.vietnamnews.vn/uploadvnnews/Article/2023/2/16/265567_davien.jpg,https://maps.app.goo.gl/UMbGEyskcXm9VwnAA,"16.4586156,107.5721318",3.1,5,,,,,,,,,,,
Hồ trái tim,8,35a,,https://media.baoquangninh.vn/upload/image/202403/medium/2189254_fa8e483bfca95a8d1b0903f85cd586ee.jpg,https://maps.app.goo.gl/oPnc2RmcnpaFpS6y5,"16.4589557,107.6021037",3.1,46,,,,,,,,,,,
Nhà hát Sông Hương,23,b5,,https://mia.vn/media/uploads/blog-du-lich/nha-hat-song-huong-thuong-thuc-nghe-thuat-giua-khong-gian-kien-truc-hue-tram-ty-1638505263.jpg,https://maps.app.goo.gl/TVgJUFMEGcyMFE4u7,"16.4591842,107.577013",3.1,64,,,,,,,,,,,
Warter puppet show,24a,b,https://www.tripadvisor.com/Attraction_Review-g293926-d6956754-Reviews-Hue_Water_Puppet_Theatre-Hue_Thua_Thien_Hue_Province.html,https://dynamic-media-cdn.tripadvisor.com/media/photo-o/1c/80/97/a6/an-unmissable-performance.jpg,https://maps.app.goo.gl/1jZtbDnCvxbUfasd9,"16.4594638,107.5796399",,,,,,,,,,,,,
Bảo tàng HCM,57,c,,https://statics.vinpearl.com/bao-tang-ho-chi-minh-hue-3_1709220134.jpeg,https://maps.app.goo.gl/jWcd5tzGuWxTwCTA6,"16.4595041,107.5812131",4.2,271,0,8.00 AM/ 2.00 PM,11.30 AM/5.00 PM,"7 Lê Lợi, Vĩnh Ninh, Thành phố Huế, Thừa Thiên Huế",,,,,,,
Cung Thiếu Nhi,29a,79b,,https://thuathienhue.gov.vn/Portals/0/Medias/Nam2017/T4/2017_04_27sacmautuoitho1.jpg,https://maps.app.goo.gl/7KTZagFCnHq2kHWG9,"16.4596855,107.5819398",3.1,56,,07:30,17:00,"08 Lê Lợi, Vĩnh Ninh, Thành phố Huế, Thừa Thiên Huế 49120",,,,,,,
Chùa Phước Duyên,13,4,,https://khamphahue.com.vn/Portals/0/Medias/Nam2021/T11/Khamphahue-Chua-Phuoc-Duyen-Hue17.jpg,https://maps.app.goo.gl/SVkWhT3bzVQvPjnm9,"16.4599042,107.5408074",4.4,10,0,all time,all time,"Hương Hòa, Thành phố Huế, Thừa Thiên Huế",,,,,,,
Go! Huế supermarket,6,0,,https://centralretail.com.vn/wp-content/uploads/2021/06/1-2.jpg,https://maps.app.goo.gl/YwvffCNqnxEWLE3S8,"16.45995,107.5979372",3.1,4.310,0,08:00,22:00,"174 Bà Triệu, Phú Nhuận, Thành phố Huế, Thừa Thiên Huế 53000",,,,,,,
Trường Quốc Học,15,2357c,,https://www.xaydungdang.org.vn/Uploads/ngovankhiem/qu%E1%BB%91c%20h%E1%BB%8Dc%20hu%E1%BA%BF%20okok.jpg,https://maps.app.goo.gl/d3ySfKGmrxBG4Qt18,"16.4600498,107.5807826",4.8,487,0,07:45 AM,5:15 PM,"12 Lê Lợi, Vĩnh Ninh, Thành phố Huế, Thừa Thiên Huế, Vietnam",,,,,,,
Phố đi bộ Hai Bà Trưng,269,156ab,,https://thuathienhue.gov.vn/Portals/0/Medias/Nam2023/T3/pho%20di%20bo%20hai%20ba%20trung.jpg,https://maps.app.goo.gl/QKJptwTcBQthb9b6A,"16.4603374,107.589481",3.1,84,,,,,,,,,,,
Nón Lá Bàng Võ Ngọc Hùng,23,67,,https://thuathienhue.gov.vn/Portals/0/Medias/Nam2017/T2/nonla.jpg,https://maps.app.goo.gl/5jyKDXcgnYaZ2wqR9,"16.4606034,107.5639879",4.1,2,,,,,,,,,,,
Cinestar Huế,6a,67ab,,https://hshkid.com/upload/hinhthem/1-334-5740.jpg,https://maps.app.goo.gl/bTf36dvAqzEokfM69,"16.4609622,107.5897538",4.3,946,,,,,,,,,,,
Sốnglab - Digital Art Centre,2,37a,,https://thuathienhue.gov.vn/Portals/0/Medias/Nam2023/T12/2023_12_16KhongGian1.jpg,https://maps.app.goo.gl/vUzFTCPr6TsjPXkT8,"16.4613958,107.5995973",3.1,5,,,,,,,,,,,
"
Cao Dai Temple of Vinh Loi",15,2479,,https://toquoc.mediacdn.vn/upload/oldcinetvn/userfiles/image/2015/image0.jpg,https://maps.app.goo.gl/4TuabEnhkaSqx4Fd8,"16.4614072,107.5974788",3.1,20,0,07:00,22:00,"103 Hùng Vương, Phú Nhuận, Thành phố Huế, Thừa Thiên Huế",,,,,,,
MaiA spa,9,a,https://www.tripadvisor.com/Attraction_Review-g293926-d26431171-Reviews-Maia_Wellness_Spa-Hue_Thua_Thien_Hue_Province.html,https://dynamic-media-cdn.tripadvisor.com/media/photo-o/2a/0e/1a/9a/maia-wellness-spa-la.jpg,https://maps.app.goo.gl/7ArU8FHTfubCup5M8,"16.4626201,107.5915608",3.1,736,,,,,,,,,,,
Cầu bán Nguyệt - Bến Me,18p,395,,https://khamphadisan.com.vn/wp-content/uploads/2021/02/caubannguyethue10.jpg,https://maps.app.goo.gl/NXZ6EuiK1TKAx25i8,"16.4627079,107.5641195",3.1,92,,,,,,,,,,,
Công viên Tôn Đức Thắng,89p,5a,,https://huecity.gov.vn/Portals/0/Medias/Nam2019/T11//upload/image/duongpho/Ton%20Duc%20Thang%20mot%20goc%20duong%20.JPG,https://maps.app.goo.gl/PCpdGHwuZFWgEsaQ6,"16.4630595,107.5975275",2.1,9,,,,,,,,,,,
Vincom Plaza Huế,6,6b,,https://thuathienhue.gov.vn/Portals/0/Tieng%20nuoc%20ngoaiNewFolder/2019/VC-Hue-1.jpg,https://maps.app.goo.gl/curjiRkgh8h6Bxu1A,"16.4630864,107.5939545",3.1,2139,,,,,,,,,,,
Golden Sands Golf Resort,39,9a,,https://vietnamgolfmagazine.net/media/users/34/2024new/6/19/gon-3_%281%29.jpg,https://maps.app.goo.gl/p5txAZuhernohYsz6,"16.4631357,107.7688657",30.12,0,,,,"FQ7P+73H, Vinh Xuân, Phú Vang, Thừa Thiên Huế",,,,,,,
Trung tâm Văn hóa Thông tin tỉnh Thừa Thiên Huế,2,5,,https://svhtt.thuathienhue.gov.vn/UploadFiles/TinTuc/2016/5/17/Tuyen%20truyen%20BC%202.JPG,https://maps.app.goo.gl/2T9eb4Mj2mMecM3Q8,"16.4631772,107.5954973",3.1,558,,,,,,,,,,,
Kỳ Đài,14,579,,https://thuathienhue.gov.vn/Portals/0/Medias/Nam2022/T8/M_20220805_KYDAI.jpg,https://maps.app.goo.gl/AyM71tv75YQGXw3Y9,"16.4663789,107.5801729",3.1,589,,,,,,,,,,,
Nghinh Lương Đình,14,579,,https://thuathienhue.gov.vn/Portals/0/Medias/Nam2022/T8/M_20220808_NGHINHLUONGDINH.jpg,https://maps.app.goo.gl/Zvuk4StovYsQuXvZ9,"16.4663789,107.5801729",3.1,52,,,,,,,,,,,
Phu Văn Lâu ,14,579,,https://thuathienhue.gov.vn/Portals/0/Nam2020/anhphuvanlau1.jpg,https://maps.app.goo.gl/2p6EoMFzYUjBUnSC8,"16.4663789,107.5801729",3.1,431,,,,,,,,,,,
Madam Tran Hue Cuisine - Cooking Class,a,0,https://www.tripadvisor.com/Attraction_Review-g293926-d25310775-Reviews-MADAM_TRAN_HUE_CUISINE_COOKING_CLASS-Hue_Thua_Thien_Hue_Province.html,https://dynamic-media-cdn.tripadvisor.com/media/photo-o/28/38/61/a4/madam-tran-hue-cuisine.jpg,https://maps.app.goo.gl/Ese9z72MPKNW8Kjx5,"16.4667607,107.6062668",4.1,16,,,,,,,,,,,
Cầu Ngói Thanh Toàn,1234,127,,https://phuot3mien.com/wp-content/uploads/2024/04/cau-ngoi-thanh-toan-hue-di-tich-kien-truc-co-mac-giua-lang-que-thanh-binh-f1PY.jpg,https://maps.app.goo.gl/UZxg3u9uvJF19sy59,"16.4667671,107.6401501",4.7,80,20000,all time,all time,"FJ8V+F5P, Lang Xá Bàu, Hương Thủy, Thừa Thiên Huế, Vietnam",,,,,,,
Trung tâm Nghệ thuật Điềm Phùng Thị,27,7,,https://file.baothuathienhue.vn/data2/image/fckeditor/upload/2018/20180421/images/1_JPG.JPG,https://maps.app.goo.gl/tiX7Q2M38Z7q1pzR6,"16.4668733,107.5889008",3.1,12,,,,,,,,,,,
Sân vận động Tự do,135,79,,https://phuhoi.thuathienhue.gov.vn/UploadFiles/TinTuc/2014/3/21/image/svd%20tu%20do%20toan%20canh.jpg,https://maps.app.goo.gl/Fu62o2fZnRDfKYTg8,"16.4679112,107.6004225",30.12,0,0,all time,all time,"Nguyễn Công Trứ, Phú Hội, Thành phố Huế, Thừa Thiên Huế",,,,,,,
Phố đêm Hoàng Thành,6,56,,https://nld.mediacdn.vn/291774122806476800/2022/4/23/a3-16506695506752014820533.jpg,https://maps.app.goo.gl/VbKYTfSLggA5xNoKA,"16.4679384,107.5733417",3.1,15,,,,,,,,,,,
Vườn Ý Thảo,8,20a,,https://mia.vn/media/uploads/blog-du-lich/nha-vuon-y-thao-khong-gian-thuong-thuc-am-thuc-xu-hue-vo-cung-co-kinh-1638853035.jpg,https://maps.app.goo.gl/85rgse7Xtr9yib7z7,"16.4682916,107.5642577",3.1,565,,,,,,,,,,,
Đại Nội Huế,12345,27,,https://cdn.tgdd.vn/Files/2022/03/25/1422359/kham-pha-dau-an-lich-su-co-do-dai-noi-hue-hoang-thanh-hue-202203251516507682.jpg,https://maps.app.goo.gl/kykKgA6Ten9BYNSs6,"16.468451,107.578589",4.5,16087,200000,8.00 AM,5.00 PM,"FH9H+9CP, Phú Hậu, Tp. Huế, Thừa Thiên Huế",,,,,,,
Thuần Gallery,127,2a,,https://suckhoedoisong.qltns.mediacdn.vn/2014/BuiGallery-efef1.jpg,https://maps.app.goo.gl/ExGeQnxHSuzdHs1WA,"16.4686466,107.5946062",4.1,3,,all time,all time,"50 Phạm Ngũ Lão, Phú Hội, Thành phố Huế, Thừa Thiên Huế 49000",,,,,,,
Công viên Thương Bạc,p,5,,https://mia.vn/media/uploads/blog-du-lich/cong-vien-thuong-bac-diem-check-in-ly-tuong-danh-cho-gioi-tre-01-1638292849.jpg,https://maps.app.goo.gl/f2JBQLkVzKYa1UXq9,"16.468702,107.5865307",3.1,827,,,,,,,,,,,
Rạp Hưng Đạo,2,5b,,https://file.baothuathienhue.vn/data2/image/news/2017/20171114/origin/1510651525.jpg,https://maps.app.goo.gl/bKJgeRMoTpyvZ5Mi8,"16.468986,107.585459",3.1,31,,,,,,,,,,,
Làng Sình,38a,29,,https://statics.vinwonders.com/tranh-lang-sinh-1_1679156776.jpg,https://maps.app.goo.gl/HciiNsQVUVeV5PKq5,"16.4694173,107.425655",3.1,34,,all time,all time,"GHFH+W4M, Lại Ân, Phú Vang, Thừa Thiên Huế",,,,,,,
Công viên 3/2,p,5,,https://mia.vn/media/uploads/blog-du-lich/dao-choi-mot-vong-cong-vien-3-2-cong-vien-dep-nhat-mien-co-do-hue-1638264548.jpg,https://maps.app.goo.gl/eU3vVB4VZ71cWuaFA,"16.4694375,107.5928125",3.1,639,,,,,,,,,,,
Bleu de Hue,23,2a,,,https://maps.app.goo.gl/sJ9s9FmcbcwP5qeX8,"16.4696193,107.5956496",3.1,15,0,07:00,21:00,"43 Võ Thị Sáu, tổ 12, Thành phố Huế, Thừa Thiên Huế",,,,,,,
ca huế,234,3b,,https://khamphahue.com.vn/Portals/0/Media/T7/upload/vhdl/vanhoa/disan/phivatthe/2015/cahue/kph_ca_hue_tren_song_huong.jpg,https://maps.app.goo.gl/2RKiafoAD2gB7X2C7,"16.4699589,107.5898369",4.0,25,100000,7 PM,9:45 PM,"49 Lê Lợi, Phú Hội, Thành phố Huế, Thừa Thiên Huế 530000, Vietnam",,,,,,,
Bến tòa khâm,15,39,,https://thuyenronghue.com/wp-content/uploads/2020/08/benthuyentoakham-1024x1024.jpg,https://maps.app.goo.gl/zEVTdK1oKgmohTQT7,"16.4700579,107.5917947",3.1,1045,,,,,,,,,,,
Nhat Quy Art Gallery,127,2a,,https://kientrucvadoisong.net/Upload/News/tham-binh-minh-art-gallery.jpg,https://maps.app.goo.gl/be4co5XccLtELStw6,"16.4700882,107.5895767",3.1,6,,07:00,23:30,"60 Lê Lợi, Phú Hội, Thành phố Huế, Thừa Thiên Huế",,,,,,,
Quốc Tử Giám,134,24,,https://upload.wikimedia.org/wikipedia/commons/d/da/Imperial_Academy_of_Hue.jpg,https://maps.app.goo.gl/eBXWasfFqyQLHsGDA,"16.4703121,107.5797931",4.4,96,70000,9.00 AM,8.00 PM,"FHCJ+4WH, Hai Mươi Ba Tháng Tám, Phú Hậu, Thành phố Huế, Thừa Thiên Huế",,,,,,,
Bảo tàng Đại tướng Nguyễn Chí Thanh,57,c,,https://khamphahue.com.vn/Portals/0/Medias/Nam2022/T7/Khamphahue_BaoTangDaiTuongNguyenChiThanh-Hue.jpg,https://maps.app.goo.gl/D2dZEWbVCPXgNwFs7,"16.4707132,107.5729223",5.0,9,0,9.00 AM,5.00 PM,"144 Đặng Thái Thân, Thuận Hoà, Thành phố Huế, Thừa Thiên Huế",,,,,,,
Hue Cooking Class,36a,0,https://www.tripadvisor.com/AttractionProductReview-g293926-d17634321-Hue_Specialty_Food_Cooking_Class-Hue_Thua_Thien_Hue_Province.html,https://dynamic-media-cdn.tripadvisor.com/media/photo-o/2a/cd/a0/67/caption.jpg,https://maps.app.goo.gl/o1Hdmm3rtA9CFzCh9,"16.4708499,107.6071071",4.1,188,,,,,,,,,,,
Hope Center,a,2a,https://www.tripadvisor.com.vn/Attraction_Review-g293926-d14159320-Reviews-Hope_Center_Hue-Hue_Thua_Thien_Hue_Province.html,https://dynamic-media-cdn.tripadvisor.com/media/photo-o/13/85/1d/74/a-big-family-enjoys-making.jpg,https://maps.app.goo.gl/2j8uks3LRuTHEcHdA,"16.4709173,107.56869",4.1,48,,,,,,,,,,,
Chợ Đông Ba,36,5670,,https://ik.imagekit.io/tvlk/blog/2023/07/cho-dong-ba-1.jpg,https://maps.app.goo.gl/qbogWB8bc9LseMXn6,"16.4713341,107.5856984",3.1,1828,,,,,,,,,,,
"Bảo tàng cổ vật cung 
đình Huế",2357,2,,https://cdn3.ivivu.com/2022/09/b%E1%BA%A3o-t%C3%A0ng-c%E1%BB%95-v%E1%BA%ADt-cung-%C4%91%C3%ACnh-hu%E1%BA%BF-ivivu.jpg,https://maps.app.goo.gl/ACoXN4LWRr4tigEc6,"16.471343,107.5640556",4.5,1079,50000,7.00 AM,5.30 PM,"03 Lê Trực, Phú Hậu, Thành phố Huế, Thừa Thiên Huế",,,,,,,
nhã nhạc cung đình huế,234,3b,,https://viettourist.com//resources/images/Blog-Tet/CHUA/bia-nhanhac-cungdinh-10.jpg,https://maps.app.goo.gl/E3BrrZypauUB2m5m6,"16.4713628,107.5636258",4.5,1079,100000,7 AM,5:30 PM,"03 Lê Trực, Phú Hậu, Thành phố Huế, Thừa Thiên Huế, Vietnam",,,,,,,
Sosono Spa | massage Hue,9,a,,https://sosonospa.com/wp-content/uploads/2022/09/sosono-spa-gioithieu.jpg,https://maps.app.goo.gl/Zy6d32udQUpvDpMN9,"16.4714432,107.5958564",3.1,688,,08:30,22:30,"22B Nguyễn Công Trứ, Phú Hội, Thành phố Huế, Thừa Thiên Huế 53000",,,,,,,
"
Tiệm Cổ Phục Hoàng Thành",3,2679,,https://vietphuchoangthanh.com/wp-content/uploads/2023/06/2.jpg,https://maps.app.goo.gl/nkr5AX1vkShyXSN98,"16.4719299,107.5729753",3.1,21,140000,07:00,20:00,"136 Đặng Thái Thân, Thuận Hoà, Thành phố Huế, Thừa Thiên Huế",,,,,,,
Công Viên Nguyễn Văn Trỗi,p,5a,,https://static.tuoitre.vn/tto/i/s626/2012/05/18/oGS1tVec.jpg,https://maps.app.goo.gl/btCatGfpU4f7f2PN8,"16.4720997,107.5827689",3.1,168,,,,,,,,,,,
Chợ Tây Lộc,6,560,,https://thuathienhue.gov.vn/Portals/0/Medias/Nam2022/T7/tay-loc-market_12_7_2022_15_26_43_018_CH.jpg,https://maps.app.goo.gl/hkbpXzKj86vwLZxX8,"16.4734365,107.5655823",3.1,37,,,,,,,,,,,
Di tích Nhà lưu niệm Bác Hồ,57,c,,https://mia.vn/media/uploads/blog-du-lich/nha-luu-niem-bac-ho-ve-hue-ghe-tham-ngoi-nha-luu-giu-nhung-ky-vat-ve-bac-1638528799.jpg,https://maps.app.goo.gl/Nsxmri6Fuwdt3vi86,"16.4735199,107.5744496",3.1,121,,,,,,,,,,,
Hue Night Walking Street,36,56b,,https://cdn.vntrip.vn/cam-nang/wp-content/uploads/2018/01/pho-di-bo-hue-e1515338934239.jpg,https://maps.app.goo.gl/saBLbrUm3NxkYJRw8,"16.4736125,107.5692634",3.1,1463,,,,,,,,,,,
Nguyen Dinh Chieu Walking Street,8p,56,,https://eholiday.vn/wp-content/uploads/2021/05/pho-di-bo-hue-khong-khi-soi-dong-tai-co-do-1.jpg,https://maps.app.goo.gl/1NEDAY2TeSY86bAp8,"16.4736125,107.5692634",3.1,1282,,,,,,,,,,,
Công viên Trịnh Công Sơn,8p,57c,,https://file.baothuathienhue.vn/data2/image/fckeditor/upload/2017/20170611/images/cong-vien.jpg,https://maps.app.goo.gl/HYY4ibuRe2E7mkET6,"16.4740022,107.5886964",30.12,0,,,,,,,,,,,
Nhà hát nghệ thuật Ca Kịch Huế,23,b,,https://thuathienhue.gov.vn/Portals/0/Medias/Nam2016/T4/20160405cakichhue.jpg,https://maps.app.goo.gl/TFNxyuBM786DuEMM7,"16.4744676,107.5757113",3.1,4,,,,,,,,,,,
Cội spa,9,a,https://www.tripadvisor.com/Attraction_Review-g293926-d16812903-Reviews-Coi_Spa_massage_Hue-Hue_Thua_Thien_Hue_Province.html,https://media-cdn.tripadvisor.com/media/attractions-splice-spp-720x480/07/2c/0a/a9.jpg,https://maps.app.goo.gl/hs3qxKGX2bmGxC8k6,"16.4752162,107.5926494",3.1,125,,,,,,,,,,,
Chùa Diệu Đế,13,4,https://www.tripadvisor.com.vn/Attraction_Review-g293926-d9705672-Reviews-Dieu_De_Pagoda-Hue_Thua_Thien_Hue_Province.html,https://statics.vinwonders.com/chua-dieu-de-1_1633493534.jpg,https://maps.app.goo.gl/aZyvW7kGiAk5P9X98,"16.4778855,107.5874966",4.5,264,,5.30 AM,9.00 PM," Bạch Đằng, Phú Cát, Thành phố Huế, Thừa Thiên Huế",,,,,,,
Hồ Tịnh Tâm,8,379,,https://thuathienhue.gov.vn/Portals/0/Medias/Nam2022/T8/M_20220801_TINHTAM2.jpg,https://maps.app.goo.gl/8guKGb6jmJibRgs66,"16.478401,107.5713936",4.5,39,0,all time,all time,"Tp. Huế, Thừa Thiên Huế",,,,,,,
Phủ thờ Công chúa Ngọc Sơn,138,4,,https://khamphadisan.com.vn/wp-content/uploads/2020/09/120385710_136181078222273_1380362418657007027_o.jpg,https://maps.app.goo.gl/SSsUqXz63tSNkqhp9,"16.481595,107.585864",3.1,31,,,,,,,,,,,
Đền Phúc Kiến,5,4,,https://static.vinwonders.com/2022/02/hoi-quan-phuc-kien-2.jpg,https://maps.app.goo.gl/7eKG6MveUWCAYUNe7,"16.48548,107.590474",3.1,14,,,,"321 Đ. Chi Lăng, Phú Hiệp, Thành phố Huế, Thừa Thiên Huế",,,,,,,
Alba Thanh Tan Hot Spring,89,19a,,https://owa.bestprice.vn/images/tickets/735_415/ve-suoi-khoang-nong-alba-thanh-tan-hue-6102b76beb6b6.jpg,https://maps.app.goo.gl/57LiJsuo4RTB4CMq6,"16.4901714,107.3822031",3.1,661,230000,all time,all time,"F9RJ+3V8, Phong Sơn, Phong Điền, Thừa Thiên Huế",,,,,,,
Phố cổ Bao Vinh,1345,257c,,https://danangmotorbikeadventure.com/wp-content/uploads/2022/08/You-can-experience-taking-a-ferry-to-Bao-Vinh-ancient-town.jpg,https://maps.app.goo.gl/XRhnDRZZhLk2vhyq9,"16.4950648,107.5762427",3.1,65,,,,,,,,,,,
Sân Tập Golf Swing Huế,89,a,,https://igcgolfacademy.com/wp-content/uploads/2023/01/khoa-hoc-golf-tai-san-tap-golf-thien-an-hue-1024x612.jpg,https://maps.app.goo.gl/sVDWoaQU4WRGFqM26,"16.4964606,107.5698219",3.1,7,,,,"290 Phạm Văn Đồng, Phú Thượng, Phú Vang, Thừa Thiên Huế",,,,,,,
Edufarm,68a,9a,,https://image.phunuonline.com.vn/fckeditor/upload/2023/20230423/images/wm_2119_c8.jpg,https://maps.app.goo.gl/XQiGyJgd9ajS3ZUTA,"16.5124266,107.5660841",3.1,90,,all time,all time,"GH5F+V7P, Triều Sơn Nam, Hương Trà, Thừa Thiên Huế",,,,,,,
Nhà lưu niệm Bác Hồ ở Làng Dương Nỗ,75,c,,https://d4.violet.vn/uploads/blogs/735185/3318720132_479e565c52_400.jpg,https://maps.app.goo.gl/7qW6kij8u8BATAsd9,"16.5126556,107.6034361",3.1,35,,,,,,,,,,,
Làng nghề hoa giấy Thanh Tiên,235a,2a,,https://ik.imagekit.io/tvlk/blog/2023/07/lang-hoa-giay-thanh-tien-1-1024x682.jpg,https://maps.app.goo.gl/8FgYJjKgRbzFxj5f6,"16.5152029,107.5793048",3.1,82,,,,,,,,,,,
Tháp Phú Diên,1358,89a,,https://thuathienhue.gov.vn/portals/0/Upload/INSERTIMAGES/Du_Dia_Chi/Ditich/my%20khanh.jpg,https://maps.app.goo.gl/prMxorCjSQxuRepP6,"16.5174486,107.6799582",3.1,66,0,all time,all time,"FPWW+8C8, Đám, Phú Diên, Phú Vang, Thừa Thiên Huế",,,,,,,
Âu Thuyền Phú Hải,3,18ab,,https://file.baothuathienhue.vn/data2/image/news/2017/20171005/origin/1507166122.jpg,https://maps.app.goo.gl/cW8ppbGUdPWo2LFK9,"16.5222259,107.6922174",3.1,9,0,all time,all time,"GPC2+X28, QL49B, Phú Hải, Phú Vang, Thừa Thiên Huế",,,,,,,
Tranh làng sình,23a,2,,https://thuathienhue.gov.vn/Portals/0/Medias/Nam2022/T8/langsinh.jpg,https://maps.app.goo.gl/K31n7wxyFUDwv44v9,"16.5225206,107.5736309",3.1,15,,,,,,,,,,,
Đầm Chuồn,8,19,,https://ik.imagekit.io/tvlk/blog/2023/08/dam-chuon-1.jpg,https://maps.app.goo.gl/gpeqcw9GubCPTHv46,"16.5251584,107.6445499",3.1,225,,,,,,,,,,,
HTX Mây Tre Đan Bao La,23,67,,https://file.baothuathienhue.vn/data/0/images/2023/08/05/upload_3836/trai-nghiem-1.jpg,https://maps.app.goo.gl/5NPkbkTVutmG8BDd6,"16.5344576,107.4849062",3.1,14,0,all time,all time,"GFMP+QXQ, Bao La, Quảng Điền, Thừa Thiên Huế",,,,,,,
Nhà tưởng niệm đại tướng Nguyễn Chí Thanh,57,c,,https://thuathienhue.gov.vn/Portals/0/Medias/Nam2024/T3/z5223823049826_3eeef839b152aca896aaf0d18cf1ca13.jpg,https://maps.app.goo.gl/wV19iTvV96dTQ2q87,"16.5464185,107.5294733",3.1,48,,,,,,,,,,,
Chùa Giác Lương,13,4,,https://thuathienhue.gov.vn/Portals/0/Medias/Nam2022/T7/anhchuagiacluong.2022.07.4..jpg,https://maps.app.goo.gl/wa1aKw4a3bGf7q5MA,"16.5514623,107.467452",4.8,4,0,all time,all time,"Phong Hiền, Phong Điền, Thừa Thiên Huế",,,,,,,
Rú chá,8,197,,https://thanhnien.mediacdn.vn/Uploaded/nhanlh/2022_09_22/dji-0134-hdr-8794.jpg,https://maps.app.goo.gl/knyn2f7nMd19Qb8j6,"16.5562869,107.6102285",3.1,394,,,,,,,,,,,
Biển Thuận An,8,189,,https://tour.dulichvietnam.com.vn/uploads/image/a-dia-danh-du-lich/thuanan%201.jpg,https://maps.app.goo.gl/ZP4PiPoyd5EhxuEV8,"16.5618282,107.6475076",3.1,740,0,all time,all time,Thừa Thiên Huế,,,,,,,
Biển Hải Dương,8,189,,https://statics.vinwonders.com/bien-hai-duong-hue-1_1633014475.jpg,https://maps.app.goo.gl/mo1588ywyezxALW38,"16.5846304,107.6029827",3.1,115,0,all time,all time,"Thai Dương, Phú Vang, Thừa Thiên Huế",,,,,,,
Phá Tam Giang,8,189,https://www.tripadvisor.com.vn/Attraction_Review-g293926-d2416127-Reviews-Tam_Giang_Lagoon-Hue_Thua_Thien_Hue_Province.html,https://dynamic-media-cdn.tripadvisor.com/media/photo-o/17/e8/1c/2d/d-m-chuon-lagoon.jpg,https://maps.app.goo.gl/UcoKaPiU7aiYWGkx7,"16.6089773,107.4440362",3.1,402,,,,,,,,,,,
Gốm Phước Tích,235a,2a,https://www.tripadvisor.com/Attraction_Review-g293926-d15581697-Reviews-Lavin_Home-Hue_Thua_Thien_Hue_Province.html,https://thuathienhue.gov.vn/Portals/0/Medias/Nam2022/T8/phuoc%20tich.jpg,https://maps.app.goo.gl/gUj3eaYiKiug7mVW8,"16.6391535,107.3122479",3.1,25,,,,,,,,,,,